{"cameraMode":{"drawMode":0,"name":"Shaded","section":"Shading Mode"},"sceneLighting":true,"audioPlay":false,"sceneViewState":{"showFog":true,"showMaterialUpdate":false,"showSkybox":true,"showFlares":true,"showImageEffects":true,"showParticleSystems":true,"showVisualEffectGraphs":true,"m_FxEnabled":true},"in2DMode":false,"pivot":{"x":0.40000009536743166,"y":2.299999952316284,"z":19.34026336669922},"rotation":{"x":-0.007809612900018692,"y":-0.0039032637141644956,"z":0.00003165439920849167,"w":-0.9999634027481079},"size":31.47860336303711,"orthographic":false}