{"cameraMode":{"drawMode":0,"name":"Shaded","section":"Shading Mode"},"sceneLighting":true,"audioPlay":false,"sceneViewState":{"showFog":true,"showMaterialUpdate":false,"showSkybox":true,"showFlares":true,"showImageEffects":true,"showParticleSystems":true,"showVisualEffectGraphs":true,"m_FxEnabled":true},"in2DMode":false,"pivot":{"x":0.8040250539779663,"y":1.9001704454421998,"z":-2.6058855056762697},"rotation":{"x":-0.08461099117994309,"y":-0.15863721072673798,"z":0.013647541403770447,"w":-0.9836116433143616},"size":100.23912811279297,"orthographic":false}